A4_name,main_vein_curvature,sub_vein_1_curvature,sub_vein_2_curvature,sub_vein_3_curvature
l4nr001.JPG,0.9814934737653186,0.026767387111460948,0.19288265122813417,0.16194919063948754
l4nr001.JPG,0.12318133355282554,0.003129266744985709,0.12164215143146594,0.15681790863875472
l4nr001.JPG,0.33950935862269266,0.0007866091439609549,0.06731765752398995,0.13775383497962124
l4nr001.JPG,0.021167829673959433,0.008479543063400439,0.028109761951481817,0.11155919343137015
l4nr001.JPG,0.4847014347009562,0.03441225627330848,0.0019960679928212044,0.08434690979131144
l4nr001.JPG,0.2169823590738555,0.11828552047787527,0.0276102859726685,0.05930435096154764
l4nr001.JPG,0.3144491035595963,0.3589126738236904,0.051342589887160915,0.03714694211043367
l4nr001.JPG,0.5094871578757462,0.9423956367818026,0.07389023418164545,0.01724533445427574
l4nr001.JPG,1.4648834677582543,1.585810341858734,0.09399848916529227,0.0015938507612787316
l4nr001.JPG,0.046029306891021866,1.492688015992512,0.10872262993434302,0.020765870420060926
l4nr001.JPG,1.016769692719306,1.496243863229885,0.11469444674129242,0.0417115937880151
l4nr001.JPG,0.7338413197190133,1.6063303892611644,0.11020252296630031,0.06572076195575906
l4nr001.JPG,0.02041826186982066,0.9515683902788973,0.09642940893427328,0.09340178186672222
l4nr001.JPG,0.15838691059373802,0.3675497161419635,0.0765457993167142,0.11683708773143384
l4nr001.JPG,0.19534857456211915,0.11409066894318325,0.056600498037599624,0.12468942444813827
l4nr001.JPG,0.017311320962685898,0.0016024553711074519,0.04025699091304876,0.11450952687641199
l4nr001.JPG,0.07175385895626787,0.10633885753200362,0.026939621094730394,0.08967147969328923
l4nr001.JPG,0.010440828040915685,0.3455482458944539,0.015934364276751312,0.055931124396766126
l4nr001.JPG,0.22995959513259065,0.9999979058354272,0.006600879709547995,0.01620064050968413
l4nr001.JPG,0.08707580741861426,1.0059326004513214,0.0015697053075081457,0.02123710087731441
l4nr001.JPG,0.2711012117184577,0.3609591772697241,0.008954649342778993,0.049838418690526014
l4nr001.JPG,0.019617924599223405,0.1534362059573232,0.015813843521302662,0.07012281316280619
l4nr001.JPG,0.2715695330743887,0.15408121912271208,0.02230247693660956,0.07976215881774083
l4nr001.JPG,0.27485972453710394,0.364809206047809,0.028478321772460107,0.0759956752999915
l4nr001.JPG,0.04972235375338624,1.016488520122608,0.034305333933954414,0.05785539563703515
l4nr001.JPG,0.6099686452579469,1.0077081603480968,0.0396581288703558,0.03420664203162819
l4nr001.JPG,0.11238464212475648,0.3458076709190399,0.04433329382897013,0.013838618904750017
l4nr001.JPG,0.6255591086229931,0.08330283544068692,0.047387954630343794,0.0031774873699479877
l4nr001.JPG,0.14382046399800116,0.0819053345896321,0.0477439942015068,0.016977761343392617
l4nr001.JPG,0.5219099110145445,0.3417611989843635,0.04506018907184236,0.027617112447641045
l4nr001.JPG,0.4193686507324332,1.0266187948339263,0.03919227371359517,0.03502561752036914
l4nr001.JPG,0.27113256564536986,0.8696936136193933,0.030183168036038103,0.039086945844658466
l4nr001.JPG,0.03985112046016988,0.021114060314311622,0.018181060486253578,0.03974911861455414
l4nr001.JPG,0.6034071702312834,0.8737784008831692,0.0033381958547018535,0.037096897864874266
l4nr001.JPG,0.1835490660001723,0.7205781277935581,0.011073835500022488,0.03134338976831136
l4nr001.JPG,0.7613110978910219,0.5872182135473221,0.021810557727716506,0.02274124827784634
l4nr001.JPG,0.03876649827436243,0.020843116357301506,0.02880252698345737,0.011450835721728055
l4nr001.JPG,0.5735973380441673,0.85809327079811,0.03202082530550136,0.00018490738105595426
l4nr001.JPG,0.34477188395855535,0.12442205410591962,0.0315352894191306,0.008514298164770583
l4nr001.JPG,0.23129138803891428,0.8774725861245731,0.02752856033997716,0.014769894810345453
l4nr001.JPG,0.44624903033797914,1.6939821240268296,0.02206438347619649,0.01857116816167593
l4nr001.JPG,0.03669008962195559,1.5941486783275678,0.017038530126100588,0.01982899039972949
l4nr001.JPG,0.4619083731630714,1.3503853128008867,0.012421719896823844,0.018435461258743374
l4nr001.JPG,0.12458995708162975,1.681014188798771,0.008174656732188453,0.014309133053470579
l4nr001.JPG,0.584810652601546,0.00026657606844063877,0.0042556991202232705,0.00741668431193485
l4nr001.JPG,0.023853615848892958,1.6667257449336144,0.0006256681687143359,0.0022229075861649726
l4nr001.JPG,0.20685544227758754,1.3719353400124898,0.002749300553736904,0.01452672884549374
l4nr001.JPG,0.10927762195196926,1.379185991155831,0.005896185038235574,0.029286722009019616
l4nr001.JPG,0.08349447699787803,1.6702945087504122,0.008834327540536554,0.04601021552565396
l4nr001.JPG,0.14942224597199535,0.008127040924092452,0.011575226745546471,0.05675978429145293
l4nr001.JPG,0.07969803537277603,1.4349132708298542,0.014122718244797985,0.054935394442787853
l4nr001.JPG,0.11349464199067362,1.4196902320786504,0.016473475507018057,0.04255165443214928
l4nr001.JPG,0.43425153457351523,0.01720609854971296,0.018617812704410607,0.02162164656598726
l4nr001.JPG,0.2804045490135993,1.0493222876770005,0.019777349053556336,0.007622654386369677
l4nr001.JPG,0.08464006394089373,0.2526964198561579,0.019128736680453482,0.04820867635747422
l4nr001.JPG,0.19934040617011556,0.08450957186550552,0.016606136648001316,0.09171811766051495
l4nr001.JPG,0.21711499936333886,0.026888913934613637,0.012173117709242625,0.1221634252121946
l4nr001.JPG,0.12781828576167956,0.00787338827651054,0.005824997988541571,0.1306153571179536
l4nr001.JPG,0.017248060361730197,0.0021724841651816124,0.002412841842904286,0.1122288297442582
l4nr001.JPG,0.04470199000580663,0.0008080718955198867,0.012477562108278252,0.0714854639104208
l4nr001.JPG,0.11644965854356167,0.0006919156498234625,0.02197788504665852,0.014449255868582379
l4nr001.JPG,0.1328123737969349,0.00022332481263902902,0.028546807051384248,0.04267205249743445
l4nr001.JPG,0.0968646299936865,0.003759643297584952,0.03217038599366548,0.08642315915085076
l4nr001.JPG,0.1656905171080673,0.021693158752013473,0.032934704638242863,0.11461571816944949
l4nr001.JPG,0.013374748482079427,0.08665309964038272,0.031031281096379374,0.12173245992608607
l4nr001.JPG,0.43062215075323124,0.2863270186910519,0.02671892716235864,0.10669300714024413
l4nr001.JPG,0.34043158449738936,0.6655921252614428,0.02169235520903028,0.07514145318076924
l4nr001.JPG,0.1811441689152587,0.5738636938916286,0.017423271366643445,0.043364167334283686
l4nr001.JPG,0.4748036574410516,5.1412135272255925,0.013844081858679061,0.021005928417335087
l4nr001.JPG,0.23189196971297288,5.675920321600593,0.010894086224555885,0.005774771507221655
l4nr001.JPG,0.21299406001666685,0.1339273710584626,0.008523173655242812,0.0036156104939338214
l4nr001.JPG,0.24973227122872188,1.0547441488253317,0.0066925201548949055,0.007575172222053308
l4nr001.JPG,0.07188501269227167,1.1413512323435953,0.005373585676326556,0.006012115808205022
l4nr001.JPG,0.26883329665134237,0.018302049367946074,0.00454617913056516,0.0020716587854801814
l4nr001.JPG,0.12379897131020158,1.6686792537393456,0.00419602530395567,0.0009062412868287989
l4nr001.JPG,0.1441638646435212,1.3514958359426028,0.004312069212693733,0.0028798886356012857
l4nr001.JPG,0.29922966119358835,1.6017859410689486,0.004883638779303011,0.003839967227358218
l4nr001.JPG,0.20150469755781747,1.6646773291437618,0.005897521123986184,0.0037966954871155915
l4nr001.JPG,0.2859490191693954,1.037348929551926,0.007334972507157534,0.002766973142115143
l4nr001.JPG,0.35509619080263793,0.5213496130064571,0.00871112127960359,0.0007612240314461595
l4nr001.JPG,0.1073604614461603,0.49486830974107693,0.009567319389422053,0.0022300087899202797
l4nr001.JPG,0.36767999374492905,1.091542289458323,0.009924432015755836,0.006249395714937632
l4nr001.JPG,0.031134673437289012,0.8575190227117967,0.009809013200653829,0.011385445883942406
l4nr001.JPG,0.35899971570506134,0.008996446729873875,0.009249877771211253,0.017783004790571398
l4nr001.JPG,0.016472566269718387,0.8683854085282874,0.008274593192476736,0.02564818344015493
l4nr001.JPG,0.1507159175245783,0.8527231095046202,0.006905996581549349,0.03164227884797095
l4nr001.JPG,0.03683330890334424,0.0363818593365778,0.005158816490348952,0.03175779937894459
l4nr001.JPG,0.0833154277320337,0.8305791518351573,0.0030364195036389693,0.02527336871475765
l4nr001.JPG,0.004953418022328561,1.673987286281765,0.0005276314712300888,0.011792874711435133
l4nr001.JPG,0.08207850770007515,1.562101374750577,0.0023964715408449928,0.00853645358504416
l4nr001.JPG,0.0722854339718965,1.3571346931018835,0.0057859169886008005,0.0347920681344321
l4nr001.JPG,0.07250135363361168,1.6555233462690544,0.009715371187686245,0.056964942990492685
l4nr001.JPG,0.15109306807756978,0.03185298358856976,0.013226574636590292,0.06625259962458777
l4nr001.JPG,0.06780383584567827,0.9173548777974453,0.015233850509153426,0.06423048474899459
l4nr001.JPG,0.009629940183566891,7.460376240632593e-05,0.015594927592235413,0.05401774210034253
l4nr001.JPG,0.03554244005333999,0.9151754580260795,0.014144990006849174,0.03877519588440406
l4nr001.JPG,0.00715060779016892,0.029770604480137856,0.010746187221776183,0.02401494800088045
l4nr001.JPG,0.009605585366406306,1.5757139957052178,0.005334825995478158,0.01271139947467312
l4nr001.JPG,0.061468513715201296,1.408742232413981,0.0020348258069063613,0.003703667239868595
l4nr001.JPG,0.08265567023377185,0.8422685255155418,0.0092749858258555,0.003759784414585682
l4nr001.JPG,0.17071274578006665,0.02815111484637017,0.014335938086464326,0.010130794973229627
l4nr001.JPG,0.037905206431379075,0.8526022375925562,0.01722571951187907,0.0156372527103403
l4nr001.JPG,0.21806697598144195,0.8640606061958722,0.018073039707622005,0.020329643854493366
l4nr001.JPG,0.06663889236697669,0.007560229371726485,0.01707595157306554,0.024111613658552272
l4nr001.JPG,0.20350329861870828,0.8586084864678935,0.014446260256230699,0.026767994776584973
l4nr001.JPG,0.17390892012921744,1.0081993994891818,0.011263552936251682,0.028001063968670175
l4nr001.JPG,0.37475014131844714,0.3103491773889918,0.008440309195098441,0.02748021106022156
l4nr001.JPG,0.39810013603198113,0.00026365935952461783,0.005921204385139465,0.02490212774660438
l4nr001.JPG,0.10080831644222675,0.31090544527582753,0.003660227967138127,0.021115677337494476
l4nr001.JPG,0.1341454090234433,1.0092543805132714,0.0016199756322698498,0.017221092732375473
l4nr001.JPG,0.013135796782274823,0.8544602189283756,0.0002292048773027193,0.013335720435099112
l4nr001.JPG,0.08593504614828096,0.0016637241768500176,0.0019100644504767836,0.00955690522089389
l4nr001.JPG,0.01827588765430942,0.8499229092283856,0.003439233880220077,0.005962481097006311
l4nr001.JPG,0.05160232271593519,1.080369717229725,0.004827917395506832,0.00261273019402489
l4nr001.JPG,0.08879758164871668,0.4783081212525351,0.006082505897163277,0.0004471311499838078
l4nr001.JPG,0.24452742172114675,0.4838617007482863,0.007205130149720922,0.0031845430025577394
l4nr001.JPG,0.05303895584079298,1.069759163972791,0.008194179142719193,0.005577569482513643
l4nr001.JPG,0.3050209237620747,0.9939064185824346,0.00904480879249581,0.007613317969836357
l4nr001.JPG,0.11021639960753428,0.31970943306923777,0.009777955073857127,0.009286742690121415
l4nr001.JPG,0.10617023798231294,0.0002974138673776281,0.010414983364078192,0.010599696375710631
l4nr001.JPG,0.26520311886136255,0.3182327866321641,0.010948691388458281,0.011177927777712678
l4nr001.JPG,0.0346384875278838,0.9981988898232917,0.011370925684792681,0.010687010712250809
l4nr001.JPG,0.2785431563571677,1.0201598917556731,0.01167289007926324,0.009193757409860281
l4nr001.JPG,0.11752334192825811,0.3673409630369959,0.011845471444737537,0.006753103564866108
l4nr001.JPG,0.08313460858544615,0.15587602176950152,0.011879574068911292,0.0033922913172127994
l4nr001.JPG,0.29853016255956466,0.15587489578088368,0.011766451094521457,0.0009045698275985507
l4nr001.JPG,0.03641321905083587,0.3675687619195834,0.011498019902579296,0.0050268355548916625
l4nr001.JPG,0.34161204236172904,1.0188357455096273,0.011067148417348483,0.007851588563387798
l4nr001.JPG,0.050296990269952886,1.0131815469880106,0.010467901378310716,0.009368386399108026
l4nr001.JPG,0.11549115230107918,0.35437434407707924,0.009695739671927764,0.009524271508340058
l4nr001.JPG,0.014924863394865286,0.10949928768989459,0.008747671593577559,0.008252413463751534
l4nr001.JPG,0.038817685925924335,7.506812632191012e-06,0.007614260365032141,0.005499713977110593
l4nr001.JPG,0.033708258371568496,0.10829959251033235,0.006287526006541103,0.0020081577286821606
l4nr001.JPG,0.0024992687916475524,0.34859971258091826,0.004769455575698867,0.0014304707750999526
l4nr001.JPG,0.05519589019506973,1.0221454004552035,0.0030642265170019176,0.004771457141853121
l4nr001.JPG,0.0353278512077881,0.8880430377435067,0.0011783861324413082,0.00797325868098205
l4nr001.JPG,0.16742117103903845,0.06860864154210021,0.0008788784275846574,0.010996778999811076
l4nr001.JPG,0.005231855888967395,0.8608910234075062,0.0030953455381927965,0.013805039319854006
l4nr001.JPG,0.4249778037898815,0.11956564327943223,0.005455216032734007,0.015875586133611872
l4nr001.JPG,0.18986845934461066,0.12745903211490225,0.007938416685127717,0.01676182162152964
l4nr001.JPG,0.35231571331606176,1.4730367240704738,0.01051977435553391,0.016562887129238597
l4nr001.JPG,0.29208318577644093,1.465030567376457,0.013168125738508077,0.015391211780737091
l4nr001.JPG,0.12147040745831282,0.1422988473031798,0.01584547998309735,0.01335401438200154
l4nr001.JPG,0.6187897301976787,0.14173702695014487,0.01850641172445118,0.010535306296131457
l4nr001.JPG,0.08731346638578621,1.386184733592047,0.020746604189618194,0.0076166750928704325
l4nr001.JPG,0.8921923209671977,1.448893373733522,0.022216117132264613,0.005195408773405844
l4nr001.JPG,0.22313093326892058,0.002400841789409579,0.02296190179816027,0.0032162937470168874
l4nr001.JPG,3.19443574343975,1.3732440606056697,0.023049618980235574,0.0016412660782024263
l4nr001.JPG,0.03853176014379181,1.3694567784117893,0.022558031576731793,0.00044637509896352807
l4nr001.JPG,5.635437274676096,0.00021809472431817537,0.021572260018581337,0.00038108219830090324
l4nr001.JPG,0.1284100555946187,1.3626059058665594,0.020176797032475505,0.0008452638336621678
l4nr001.JPG,0.10519115598041381,1.3657049520719218,0.018449139416618864,0.000944379620809791
l4nr001.JPG,0.12422029113250964,0.008566613281083045,0.01645461438348071,0.0006732489581461288
l4nr001.JPG,0.07335415513237292,1.6143949129615138,0.014242594890154303,2.5880309004697863e-05
l4nr001.JPG,0.575382044711939,1.3083210630226687,0.011843938439958759,0.0010018769048736884
l4nr001.JPG,4.914729478169086,1.627164384422317,0.009269219579108338,0.002409566218757246
l4nr001.JPG,0.08280218891056788,1.5746412166641128,0.006507169923687729,0.003957195529289033
l4nr001.JPG,0.42989208439243215,1.5731361837145001,0.003859080421124081,0.0054025626741123906
l4nr001.JPG,0.045444900423178974,1.619700531207042,0.001596980050181705,0.006738536582020983
l4nr001.JPG,0.2487771588082056,1.3012543363685962,0.0003339501190480306,0.007960261479734202
l4nr001.JPG,0.07850071508972145,1.593697859413818,0.0019682940610473753,0.00906496700994797
l4nr001.JPG,0.00046758289387450574,0.00898354903689136,0.0033240066596298746,0.010051789680371903
l4nr001.JPG,6.359248245811758e-05,1.3378603172827908,0.004405301149655618,0.01092160144360171
l4nr001.JPG,1.8574052881129148e-05,1.3354752748009115,0.0052051261202352905,0.011676840404491204
l4nr001.JPG,7.411371095763222e-06,0.008516848521693026,0.005707500523571029,0.01232133932167525
l4nr001.JPG,3.6610456928029033e-06,1.581389071898365,0.005889925867243963,0.012860149184099176
l4nr001.JPG,1.8737521166168372e-06,1.291314009892995,0.0057260392630796965,0.013299357205948627
l4nr001.JPG,4.334624911943287e-07,1.6038780764596514,0.005188610988585561,0.013645900670096434
l4nr001.JPG,5.708709653851236e-07,1.550013234790577,0.004252928900800395,0.014466994743854973
l4nr001.JPG,1.815120652148466e-06,1.5788168161921428,0.0029005540771743802,0.0162431841719994
l4nr001.JPG,2.950114917694463e-06,1.5742877210218185,0.0013775003507062319,0.018818026481711197
l4nr001.JPG,4.904069613111838e-06,1.5678432133424647,4.9566225027651975e-05,0.021969410930113103
l4nr001.JPG,5.946073832800476e-06,1.583172359945842,0.0013638617098414223,0.02539445748280908
l4nr001.JPG,5.562906160039659e-06,1.481498084631406,0.0025523301751505406,0.028714872911260653
l4nr001.JPG,3.9968205148207115e-06,1.6287142193164654,0.0036054438019649995,0.028448057683467344
l4nr001.JPG,9.662775644977484e-07,0.8101610038021126,0.004516934952653415,0.022970586746071543
l4nr001.JPG,8.554027564641016e-07,0.035054900795494476,0.005283475054130954,0.013962141999058045
l4nr001.JPG,3.597631151944601e-06,0.8311371776365496,0.005904310896363832,0.001454824117819784
l4nr001.JPG,7.13341774995003e-06,0.8319000900914181,0.006380866879834909,0.017247730695097413
l4nr001.JPG,1.6076060882400385e-05,0.03408104439010364,0.006716321169944952,0.05084676280057351
l4nr001.JPG,3.783982032738206e-05,0.8184470898779398,0.006915163831287242,0.007945979080870094
l4nr001.JPG,3.826262781414053e-06,1.5484628792158925,0.006982745073368315,0.17781681345987166
l4nr001.JPG,1.4436540093437342e-05,1.5520714032233414,0.006924821171988262,0.43089566926240125
l4nr001.JPG,0.0001942303900840321,0.8194538655861575,0.006833336891021519,2.4170200748092507
l4nr001.JPG,0.19332415379794057,0.032054099037840546,0.0067949236048546165,0.048938562433626626
l4nr001.JPG,0.2437249926334512,0.8348926833227991,0.006807484352335956,0.00983983089583327
l4nr001.JPG,0.00019719582726681294,0.9008927269277668,0.00686897538829356,0.10168344505145147
l4nr001.JPG,4.01564426267775e-05,0.09018255280066113,0.006977334430318745,0.1151030869634274
l4nr001.JPG,1.300796400491282e-05,0.8555360572888941,0.007130409572347024,0.007464548533203741
l4nr001.JPG,2.453571635472807e-06,0.0007857807711489903,0.007325889326228123,0.2104694579246477
l4nr001.JPG,2.1923870518143833e-06,0.8596088333552279,0.007561234561708158,4.488880530604456
l4nr001.JPG,1.0679773345291165e-05,0.09359346534445306,0.00783361347811508,
l4nr001.JPG,1.907325533775498e-05,0.9186263154515362,0.008139841146855557,
l4nr001.JPG,2.541217246504444e-06,0.8499331766325207,0.008476325596117372,
l4nr001.JPG,8.685686609068342e-06,0.03667762190321557,0.008839022843345439,
l4nr001.JPG,6.269114347820192e-05,0.8374703181084391,0.009223403682469149,
l4nr001.JPG,0.000367523555393245,1.742712187345662,0.009624435355578652,
l4nr001.JPG,0.05460330940245429,1.5816599744449187,0.010036581425716673,
l4nr001.JPG,0.00033909032973977423,1.6962441919933466,0.010453823152654558,
l4nr001.JPG,0.00010840301422460692,1.7121643437251517,0.010869705386890806,
l4nr001.JPG,0.006695749998393711,1.6134257280553141,0.01127740937269473,
l4nr001.JPG,0.0001337113799655284,1.8237429295964525,0.011669853838458082,
l4nr001.JPG,1.2656951985453539e-05,0.8672901767863844,0.012039824331300974,
l4nr001.JPG,6.314713574552891e-07,0.051807348775210094,0.012380128947092728,
l4nr001.JPG,3.970455478516375e-06,0.8990793690178608,0.012683776499356904,
l4nr001.JPG,1.4102900309228829e-05,0.965990931034137,0.012944170909645536,
l4nr001.JPG,0.00012454137250478425,0.08375312907352665,0.013155313401031677,
l4nr001.JPG,0.002637597146315852,1.2010065979798552,0.01331200219821591,
l4nr001.JPG,0.0002061220194799178,0.047471332562328175,,
l4nr001.JPG,8.866276694497805e-05,0.0317678377418282,,
l4nr001.JPG,0.0001936539650524516,0.00446361865651533,,
l4nr001.JPG,0.00037931636456614055,0.0006715331678228179,,
l4nr001.JPG,0.043074945438563064,0.03276523754175368,,
l4nr001.JPG,0.00012536796079830299,0.8006757314191282,,
l4nr001.JPG,2.3131752829943976e-05,9.83765219719195,,
l4nr001.JPG,7.022637548377193e-07,612.9462136279686,,
l4nr001.JPG,5.4396083961740784e-05,713.1966563479644,,
l4nr001.JPG,0.0022859903887026394,775.7839842149835,,
l4nr001.JPG,6.25573790841564e-05,536.5545769511072,,
l4nr001.JPG,0.0002559724806707067,62.33615787834337,,
l4nr001.JPG,0.01844020409201217,97.38340832555906,,
l4nr001.JPG,0.04805517980763857,8.473053561789866,,
l4nr001.JPG,0.02211988750066365,0.2999372670540631,,
l4nr001.JPG,1.033732870171062,0.005902138148239247,,
l4nr001.JPG,0.053635045219303845,0.0002254671646158386,,
l4nr001.JPG,0.00019875864406394014,0.0018314859170469524,,
l4nr001.JPG,3.906958156369644e-06,0.005703858002849835,,
l4nr001.JPG,6.698714750872153e-05,0.16411173647431565,,
l4nr001.JPG,0.0001387379156629489,0.011495647272394171,,
l4nr001.JPG,4.945418572012627e-05,0.016774117243507018,,
l4nr001.JPG,1.600718574301682e-05,0.0009048783410027133,,
l4nr001.JPG,0.0005971703004298412,0.000148587226291057,,
l4nr001.JPG,0.0012055844918899292,0.04888490794875919,,
l4nr001.JPG,2.156632756132988,0.00015042129480022425,,
l4nr001.JPG,0.13507689766877803,0.0029315278659266483,,
l4nr001.JPG,0.017461680510192118,0.8386397105776149,,
l4nr001.JPG,0.6796413182153588,0.0005934821156052617,,
l4nr001.JPG,32.393675252980344,0.00023056735449613654,,
l4nr001.JPG,0.047518813674536184,0.01226872212415902,,
l4nr001.JPG,0.07216310836958627,0.00022353479210077606,,
l4nr001.JPG,0.0070025301611275174,0.005576995056395359,,
l4nr001.JPG,0.01968053168590752,0.22427525263408654,,
l4nr001.JPG,0.6864926632059198,0.0007468159546046605,,
l4nr001.JPG,0.33504592051638515,0.0005387690706406259,,
l4nr001.JPG,0.34619832283107466,0.011858412004268366,,
l4nr001.JPG,0.003958764647068728,0.0005354651913422498,,
l4nr001.JPG,0.11994117587957769,402.2802464417474,,
l4nr001.JPG,0.013552161704713801,0.0009285026361606884,,
l4nr001.JPG,0.03430968278694691,0.7717324515713064,,
l4nr001.JPG,0.0707268438552478,0.001005577650920802,,
l4nr001.JPG,0.09102505036914833,1.052085210033475,,
l4nr001.JPG,0.06317901540349534,0.0009191290678248677,,
l4nr001.JPG,0.02994558082525184,0.21331768720163313,,
l4nr001.JPG,0.080226229943926,2.909244516554104,,
l4nr001.JPG,0.04379182283928213,0.013335217833581312,,
l4nr001.JPG,0.03490547937038109,0.0002523965359982312,,
l4nr001.JPG,0.10974524117533441,0.0003203587704781813,,
l4nr001.JPG,0.04124122488016012,5.06827788060119,,
l4nr001.JPG,0.08840131190282327,0.0003245245569806417,,
l4nr001.JPG,0.09670630340111448,0.0003828297927787107,,
l4nr001.JPG,0.04925078784219877,39.876928546997576,,
l4nr001.JPG,0.014040111948341554,0.0017320773513313495,,
l4nr001.JPG,0.15441176532786902,2.071003867437331,,
l4nr001.JPG,0.31832706326887766,0.0017786390535169028,,
l4nr001.JPG,0.2852459365362712,0.09271961792931857,,
l4nr001.JPG,0.21117278062657946,0.0011071495840860681,,
l4nr001.JPG,0.012224676248254516,0.012074472707781182,,
l4nr001.JPG,0.1863242795585149,0.007519620039849871,,
l4nr001.JPG,0.32019912475810575,0.06152023756122446,,
l4nr001.JPG,0.3851325162169134,0.004507948407337182,,
l4nr001.JPG,0.16409310241005187,0.0010989584734977023,,
l4nr001.JPG,0.07905279524339104,0.04491788035590485,,
l4nr001.JPG,0.17547148200656676,0.0011325157773269178,,
l4nr001.JPG,0.052064536307652655,0.027037269174900878,,
l4nr001.JPG,0.08512689268911966,1.0914807849124053,,
l4nr001.JPG,0.1332201343689083,0.006590194067376606,,
l4nr001.JPG,0.07522911992657709,0.0011682184397866907,,
l4nr001.JPG,0.0291601850055324,0.08190923612482799,,
l4nr001.JPG,0.1700438582375083,0.0014913981123215712,,
l4nr001.JPG,0.19763681252516122,2.151522141236786,,
l4nr001.JPG,0.2070719442669071,0.0024828487538148345,,
l4nr001.JPG,0.20229348878246986,0.04022641537398792,,
l4nr001.JPG,0.0685150956780385,0.0013994519452357503,,
l4nr001.JPG,0.5131173858430598,0.010640658997274574,,
l4nr001.JPG,0.363331934636681,0.002505726688345572,,
l4nr001.JPG,0.24723066291539342,0.0036971995650505306,,
l4nr001.JPG,0.04048736462273485,0.005392264583011236,,
l4nr001.JPG,0.2143312734714742,0.01392682714421972,,
l4nr001.JPG,0.23045074209167266,52.47382118439252,,
l4nr001.JPG,0.33071071131721097,0.05561384471869913,,
l4nr001.JPG,0.06378478968280295,0.007730634273885116,,
l4nr001.JPG,0.33103493975526116,0.028035942645972704,,
l4nr001.JPG,0.1673792845103867,0.0660097398618799,,
l4nr001.JPG,0.19967529122966207,0.03525458952695574,,
l4nr001.JPG,0.061688113386209074,4.264280358344198,,
l4nr001.JPG,0.1843645441216428,0.048873474712400986,,
l4nr001.JPG,0.0035896449626099205,0.04568747026963768,,
l4nr001.JPG,0.17820788422017148,0.0111305876620894,,
l4nr001.JPG,0.05579959113170579,0.11250097267767706,,
l4nr001.JPG,0.052664361808785816,0.45060654822409857,,
l4nr001.JPG,0.10425971298808304,3.136526001061851,,
l4nr001.JPG,0.0292327902704504,15.018483970916861,,
l4nr001.JPG,0.08041483723609937,0.6182537025064002,,
l4nr001.JPG,0.06941582780005669,4.4843932175972,,
l4nr001.JPG,0.0335536216330252,0.1669809828143211,,
l4nr001.JPG,0.013954740454881511,0.1419919033305286,,
l4nr001.JPG,0.0026989402962920663,1.1034510212951618,,
l4nr001.JPG,0.002905592630507706,0.06225858854358064,,
l4nr001.JPG,0.0031340374392137037,0.9892083879399506,,
l4nr001.JPG,0.0003524947122482438,0.015809648260478346,,
l4nr001.JPG,0.002632875631342473,1.4606761541661732,,
l4nr001.JPG,0.005807622431837271,1.4151987488075788,,
l4nr001.JPG,0.009177583708608113,0.0020058139837023153,,
l4nr001.JPG,0.012771517579248767,1.4087488341472327,,
l4nr001.JPG,0.016643587068549695,1.3258881496138968,,
l4nr001.JPG,0.020876268892724245,0.1419822445166097,,
l4nr001.JPG,0.025584080838282872,0.13933474424883208,,
l4nr001.JPG,0.030918166934437632,1.3741897779295487,,
l4nr001.JPG,0.0370710683386037,1.372430358293856,,
l4nr001.JPG,0.042929775351807024,0.13983286555389612,,
l4nr001.JPG,0.04682615791051173,0.14058279492258086,,
l4nr001.JPG,0.04808903599166009,1.3078645818332,,
l4nr001.JPG,0.04607362203683141,1.3661038822175555,,
l4nr001.JPG,0.040270453097327366,0.0015491682862258567,,
l4nr001.JPG,0.03032358160019365,1.3078042348781747,,
l4nr001.JPG,0.015939596815051738,1.3132637685459705,,
l4nr001.JPG,0.0032502623340008897,0.0026151455784390984,,
l4nr001.JPG,0.02771928392255829,1.389353911552133,,
l4nr001.JPG,0.05768901991183867,1.3381349989934885,,
l4nr001.JPG,,0.1403212828363247,,
l4nr001.JPG,,0.14158709203673694,,
l4nr001.JPG,,1.42361960832119,,
l4nr001.JPG,,1.4269601162033696,,
l4nr001.JPG,,0.14207070947219932,,
l4nr001.JPG,,0.14293313345632447,,
l4nr001.JPG,,1.4350044738125871,,
l4nr001.JPG,,1.438610268809944,,
l4nr001.JPG,,0.1422658240275712,,
l4nr001.JPG,,0.14310627889577196,,
l4nr001.JPG,,1.4464972545280477,,
l4nr001.JPG,,1.4501681909212296,,
l4nr001.JPG,,0.142499013080815,,
l4nr001.JPG,,0.14342724045395658,,
l4nr001.JPG,,1.4589307546125665,,
l4nr001.JPG,,1.4638486353237266,,
l4nr001.JPG,,0.14149144292510052,,
l4nr001.JPG,,0.14239445652654978,,
l4nr001.JPG,,1.3930622363566487,,
l4nr001.JPG,,1.4643651732608787,,
l4nr001.JPG,,0.001631351791099556,,
l4nr001.JPG,,1.398256144710563,,
l4nr001.JPG,,1.4039337688357545,,
l4nr001.JPG,,0.0026818048985758182,,
l4nr001.JPG,,1.4885484059265417,,
l4nr001.JPG,,1.4239081028073572,,
l4nr001.JPG,,0.14182369290765945,,
l4nr001.JPG,,0.14338421590092096,,
l4nr001.JPG,,1.5018479449980306,,
l4nr001.JPG,,1.5305182344990884,,
l4nr001.JPG,,0.09788963830669918,,
l4nr001.JPG,,0.04823155049278714,,
l4nr001.JPG,,0.011549825499744903,,
l4nr001.JPG,,0.003766635733204856,,
l4nr001.JPG,,0.00012592397598432722,,
l4nr001.JPG,,0.0002994162484904644,,
l4nr001.JPG,,6.485283725919756e-05,,
l4nr001.JPG,,0.004899179984799566,,
l4nr001.JPG,,0.021095706364897944,,
l4nr001.JPG,,0.05965552334443956,,
l4nr001.JPG,,0.421266537013215,,
l4nr001.JPG,,0.1910171123363732,,
l4nr001.JPG,,6.092063314055333,,
l4nr001.JPG,,5.325080754894447,,
l4nr001.JPG,,0.7600013097093925,,
l4nr001.JPG,,2.611692001830805,,
l4nr001.JPG,,0.16775145982073325,,
l4nr001.JPG,,0.17075323105571663,,
l4nr001.JPG,,1.53134084114613,,
l4nr001.JPG,,1.5661066494410343,,
l4nr001.JPG,,0.09901330377859288,,
l4nr001.JPG,,0.047168020082267406,,
l4nr001.JPG,,0.015627557543132036,,
l4nr001.JPG,,0.012013156627632172,,
l4nr001.JPG,,0.03781687896159847,,
l4nr001.JPG,,0.0812105014496883,,
l4nr001.JPG,,1.1118257134447926,,
l4nr001.JPG,,0.4129466026931299,,
l4nr001.JPG,,0.46226612134404477,,
l4nr001.JPG,,1.0519380986078517,,
l4nr001.JPG,,1.0628174414013394,,
l4nr001.JPG,,0.4777841148544259,,
l4nr001.JPG,,0.4620295846766229,,
l4nr001.JPG,,1.0577336076388748,,
l4nr001.JPG,,0.7702292696187831,,
l4nr001.JPG,,0.2887638885807273,,
l4nr001.JPG,,0.1439547853305061,,
